,run_id,name,distance,moving_time,elapsed_time,type,start_date,start_date_local,location_country,average_heartrate,average_speed
93,9223370428859743007,run from keep,11626.014665246525,01:22:20,01:22:22,Run,2020-12-14 23:54:50,2020-12-15 07:54:50,"{'latitude': 30.260819227430556, 'longitude': 120.19093831380208, 'country': '中国', 'nationCode': '156', 'province': '浙江省', 'city': '杭州市', 'cityCode': '0571', 'district': None, 'districtCode': None}",104.0,7''4
92,9223370428307976807,run from keep,1437.95166015625,00:11:07,00:11:08,Run,2020-12-21 10:22:11,2020-12-21 18:22:11,"{'latitude': 30.273120659722224, 'longitude': 120.19082736545138, 'country': '中国', 'nationCode': '156', 'province': '浙江省', 'city': '杭州市', 'cityCode': '0571', 'district': None, 'districtCode': None}",,7''43
91,9223370428303738507,run from keep,8129.77490234375,01:10:40,01:10:38,Run,2020-12-21 10:33:19,2020-12-21 18:33:19,"{'latitude': 30.318134307861328, 'longitude': 120.23739624023438, 'country': '中国', 'nationCode': '156', 'province': '浙江省', 'city': '杭州市', 'cityCode': '0571', 'district': None, 'districtCode': None}",171.0,8''41
90,9223370344758749807,run from keep,415.5107116699219,00:04:23,00:04:23,Run,2023-08-15 10:36:03,2023-08-15 18:36:03,"{'latitude': 30.291805240495393, 'longitude': 120.11623295788847, 'country': '中国', 'nationCode': '156', 'province': '浙江省', 'city': '杭州市', 'cityCode': '0571', 'district': '西湖区', 'districtCode': '330106'}",102.0,10''32
89,9223370344019253807,run from keep,1641.8037109375,00:14:16,00:14:16,Run,2023-08-23 23:51:06,2023-08-24 07:51:06,"{'latitude': 29.559753695057644, 'longitude': 118.98391706396761, 'country': '中国', 'nationCode': '156', 'province': '浙江省', 'city': '杭州市', 'cityCode': '0571', 'district': '淳安县', 'districtCode': '330127'}",146.0,8''41
88,9223370343199243807,run from keep,5318.97225378532,00:36:51,00:36:51,Run,2023-09-02 11:15:21,2023-09-02 19:15:21,"{'latitude': 30.310555142736032, 'longitude': 120.23259714945995, 'country': '中国', 'nationCode': '156', 'province': '浙江省', 'city': '杭州市', 'cityCode': '0571', 'district': '上城区', 'districtCode': '330102'}",162.0,6''55
87,9223370343198430307,run from keep,1078.6188610277259,00:07:59,00:08:06,Run,2023-09-02 11:57:38,2023-09-02 19:57:38,"{'latitude': 30.31782339877803, 'longitude': 120.23920763198036, 'country': '中国', 'nationCode': '156', 'province': '浙江省', 'city': '杭州市', 'cityCode': '0571', 'district': '上城区', 'districtCode': '330102'}",163.0,7''24
86,9223370343109566807,run from keep,5138.7861328125,00:56:46,00:56:46,Run,2023-09-03 11:50:03,2023-09-03 19:50:03,"{'latitude': 30.31792293149066, 'longitude': 120.23940301691628, 'country': '中国', 'nationCode': '156', 'province': '浙江省', 'city': '杭州市', 'cityCode': '0571', 'district': '上城区', 'districtCode': '330102'}",124.0,11''2
85,9223370342506661807,run from keep,5189.85693359375,00:55:46,00:55:47,Run,2023-09-10 11:19:27,2023-09-10 19:19:27,"{'latitude': 30.31804753724857, 'longitude': 120.23936374019786, 'country': '中国', 'nationCode': '156', 'province': '浙江省', 'city': '杭州市', 'cityCode': '0571', 'district': '上城区', 'districtCode': '330102'}",118.0,10''44
84,9223370342329844807,run from keep,4977.26123046875,00:35:28,00:35:28,Run,2023-09-12 12:46:43,2023-09-12 20:46:43,"{'latitude': 30.311437, 'longitude': 120.236723, 'country': '中国', 'nationCode': '156', 'province': '浙江省', 'city': '杭州市', 'cityCode': '0571', 'district': None, 'districtCode': None}",,7''7
83,9223370340740776807,run from keep,6125.4404296875,00:41:43,00:41:43,Run,2023-09-30 22:04:56,2023-10-01 06:04:56,"{'latitude': 29.31010576002092, 'longitude': 108.60381570510282, 'country': '中国', 'nationCode': '156', 'province': '重庆市', 'city': '重庆市', 'cityCode': '023', 'district': '黔江区', 'districtCode': '500114'}",163.0,6''48
82,9223370340652243807,run from keep,7283.06689453125,00:46:37,00:46:38,Run,2023-10-01 22:35:34,2023-10-02 06:35:34,"{'latitude': 29.310233280957206, 'longitude': 108.60392764469941, 'country': '中国', 'nationCode': '156', 'province': '重庆市', 'city': '重庆市', 'cityCode': '023', 'district': '黔江区', 'districtCode': '500114'}",164.0,6''24
81,9223370340342481251,run from keep,10100.84751852702,01:05:38,01:05:42,Run,2023-10-05 12:19:12,2023-10-05 20:19:12,"{'latitude': 30.31817037016854, 'longitude': 120.23891217896511, 'country': '中国', 'nationCode': '156', 'province': '浙江省', 'city': '杭州市', 'cityCode': '0571', 'district': '上城区', 'districtCode': '330102'}",158.0,6''29
80,9223370340259636807,run from keep,6188.799707361523,01:20:35,01:20:35,Run,2023-10-06 11:05:03,2023-10-06 19:05:03,"{'latitude': 30.31805396937032, 'longitude': 120.23937393924994, 'country': '中国', 'nationCode': '156', 'province': '浙江省', 'city': '杭州市', 'cityCode': '0571', 'district': '上城区', 'districtCode': '330102'}",84.0,13''1
79,9223370340217637458,run from keep,10324.154394447096,01:11:58,01:12:01,Run,2023-10-06 22:53:37,2023-10-07 06:53:37,"{'latitude': 30.31859573304752, 'longitude': 120.24068684671961, 'country': '中国', 'nationCode': '156', 'province': '浙江省', 'city': '杭州市', 'cityCode': '0571', 'district': '上城区', 'districtCode': '330102'}",161.0,6''58
78,9223370340097477607,run from keep,2990.348885875967,00:51:16,00:59:19,Run,2023-10-08 08:28:59,2023-10-08 16:28:59,"{'latitude': 30.31817442876132, 'longitude': 120.23809184097571, 'country': '中国', 'nationCode': '156', 'province': '浙江省', 'city': '杭州市', 'cityCode': '0571', 'district': '上城区', 'districtCode': '330102'}",78.0,17''8
77,9223370340084880707,run from keep,5343.290045890436,00:58:42,00:58:41,Run,2023-10-08 11:59:33,2023-10-08 19:59:33,"{'latitude': 30.318363299546142, 'longitude': 120.23899854550527, 'country': '中国', 'nationCode': '156', 'province': '浙江省', 'city': '杭州市', 'cityCode': '0571', 'district': '上城区', 'districtCode': '330102'}",108.0,10''59
76,9223370339963149993,run from keep,7218.074948545981,00:47:32,00:47:33,Run,2023-10-09 21:59:32,2023-10-10 05:59:32,"{'latitude': 30.318473400170483, 'longitude': 120.2395296680148, 'country': '中国', 'nationCode': '156', 'province': '浙江省', 'city': '杭州市', 'cityCode': '0571', 'district': '上城区', 'districtCode': '330102'}",166.0,6''35
75,9223370339790010394,run from keep,6307.579494863749,00:42:00,00:42:02,Run,2023-10-11 22:10:43,2023-10-12 06:10:43,"{'latitude': 30.31847906374568, 'longitude': 120.23943625125268, 'country': '中国', 'nationCode': '156', 'province': '浙江省', 'city': '杭州市', 'cityCode': '0571', 'district': '上城区', 'districtCode': '330102'}",155.0,6''39
74,9223370339615671255,run from keep,6286.8542779842255,00:41:28,00:41:30,Run,2023-10-13 22:36:54,2023-10-14 06:36:54,"{'latitude': 30.31819303909205, 'longitude': 120.23895101566329, 'country': '中国', 'nationCode': '156', 'province': '浙江省', 'city': '杭州市', 'cityCode': '0571', 'district': '上城区', 'districtCode': '330102'}",158.0,6''35
73,9223370339525970276,run from keep,8343.29719534264,00:51:49,00:51:57,Run,2023-10-14 23:21:28,2023-10-15 07:21:28,"{'latitude': 30.318272417959662, 'longitude': 120.23943539490861, 'country': '中国', 'nationCode': '156', 'province': '浙江省', 'city': '杭州市', 'cityCode': '0571', 'district': '上城区', 'districtCode': '330102'}",164.0,6''12
72,9223370338919389070,run from keep,10263.745205119252,01:02:24,01:02:25,Run,2023-10-21 23:40:41,2023-10-22 07:40:41,"{'latitude': 30.319228333929775, 'longitude': 120.23954532503967, 'country': '中国', 'nationCode': '156', 'province': '浙江省', 'city': '杭州市', 'cityCode': '0571', 'district': '上城区', 'districtCode': '330102'}",162.0,6''4
71,9223370338839530477,run from keep,7066.215270421468,00:42:54,00:42:56,Run,2023-10-22 22:11:09,2023-10-23 06:11:09,"{'latitude': 30.3192927772303, 'longitude': 120.23949206464813, 'country': '中国', 'nationCode': '156', 'province': '浙江省', 'city': '杭州市', 'cityCode': '0571', 'district': '上城区', 'districtCode': '330102'}",168.0,6''4
70,9223370338752745308,run from keep,8239.45028137602,00:51:22,00:51:23,Run,2023-10-23 22:09:07,2023-10-24 06:09:07,"{'latitude': 30.319311312346514, 'longitude': 120.23949916961192, 'country': '中国', 'nationCode': '156', 'province': '浙江省', 'city': '杭州市', 'cityCode': '0571', 'district': '上城区', 'districtCode': '330102'}",177.0,6''14
69,9223370338700202412,run from keep,5867.794700376251,00:39:18,00:39:19,Run,2023-10-24 12:56:54,2023-10-24 20:56:54,"{'latitude': 30.318451590183184, 'longitude': 120.23926107154452, 'country': '中国', 'nationCode': '156', 'province': '浙江省', 'city': '杭州市', 'cityCode': '0571', 'district': '上城区', 'districtCode': '330102'}",140.0,6''41
68,9223370338666272437,run from keep,8285.22725439222,00:52:06,00:52:07,Run,2023-10-24 22:09:36,2023-10-25 06:09:36,"{'latitude': 30.319258323389995, 'longitude': 120.23941371025506, 'country': '中国', 'nationCode': '156', 'province': '浙江省', 'city': '杭州市', 'cityCode': '0571', 'district': '上城区', 'districtCode': '330102'}",179.0,6''17
67,9223370338580067604,run from keep,8176.870045245274,00:47:03,00:47:04,Run,2023-10-25 22:11:24,2023-10-26 06:11:24,"{'latitude': 30.31935509282362, 'longitude': 120.23945997782485, 'country': '中国', 'nationCode': '156', 'province': '浙江省', 'city': '杭州市', 'cityCode': '0571', 'district': '上城区', 'districtCode': '330102'}",177.0,5''45
66,9223370338493432036,run from keep,10243.29313485459,00:57:02,00:57:19,Run,2023-10-26 22:05:04,2023-10-27 06:05:04,"{'latitude': 30.31929660472783, 'longitude': 120.23940990859062, 'country': '中国', 'nationCode': '156', 'province': '浙江省', 'city': '杭州市', 'cityCode': '0571', 'district': '上城区', 'districtCode': '330102'}",164.0,5''34
65,9223370338443796022,run from keep,167.82283320091665,00:02:28,00:02:29,Run,2023-10-27 12:47:10,2023-10-27 20:47:10,"{'latitude': 30.32094340500362, 'longitude': 120.23683286973083, 'country': '中国', 'nationCode': '156', 'province': '浙江省', 'city': '杭州市', 'cityCode': '0571', 'district': '上城区', 'districtCode': '330102'}",85.0,14''41
64,9223370338406592399,run from keep,10657.22417913716,01:01:20,01:01:21,Run,2023-10-27 22:08:22,2023-10-28 06:08:22,"{'latitude': 30.319304516628293, 'longitude': 120.23934098575295, 'country': '中国', 'nationCode': '156', 'province': '浙江省', 'city': '杭州市', 'cityCode': '0571', 'district': '上城区', 'districtCode': '330102'}",179.0,5''45
63,9223370338356454373,run from keep,6547.700841793087,00:39:17,00:39:18,Run,2023-10-28 12:26:03,2023-10-28 20:26:03,"{'latitude': 30.31844210661795, 'longitude': 120.23926829088562, 'country': '中国', 'nationCode': '156', 'province': '浙江省', 'city': '杭州市', 'cityCode': '0571', 'district': '上城区', 'districtCode': '330102'}",152.0,5''59
62,9223370338307548000,run from keep,560.8782203832543,00:08:46,00:08:47,Run,2023-10-29 02:31:40,2023-10-29 10:31:40,"{'latitude': 30.255729381910406, 'longitude': 120.17908890652667, 'country': '中国', 'nationCode': '156', 'province': '浙江省', 'city': '杭州市', 'cityCode': '0571', 'district': '上城区', 'districtCode': '330102'}",80.0,15''37
61,9223370338274069780,run from keep,12081.50742000054,01:15:40,01:15:42,Run,2023-10-29 10:42:44,2023-10-29 18:42:44,"{'latitude': 30.319509581897652, 'longitude': 120.2394351262852, 'country': '中国', 'nationCode': '156', 'province': '浙江省', 'city': '杭州市', 'cityCode': '0571', 'district': '上城区', 'districtCode': '330102'}",153.0,6''15
60,9223370338061347791,run from keep,7418.274081001082,00:52:08,00:52:09,Run,2023-10-31 22:11:39,2023-11-01 06:11:39,"{'latitude': 30.31845518898524, 'longitude': 120.2392628947507, 'country': '中国', 'nationCode': '156', 'province': '浙江省', 'city': '杭州市', 'cityCode': '0571', 'district': '上城区', 'districtCode': '330102'}",148.0,7''1
59,9223370337974824469,run from keep,8364.761716024534,00:56:20,00:56:21,Run,2023-11-01 22:09:30,2023-11-02 06:09:30,"{'latitude': 30.318461841269688, 'longitude': 120.23946365528762, 'country': '中国', 'nationCode': '156', 'province': '浙江省', 'city': '杭州市', 'cityCode': '0571', 'district': '上城区', 'districtCode': '330102'}",168.0,6''44
58,9223370337799879013,run from keep,10257.949313929075,01:11:57,01:11:58,Run,2023-11-03 22:29:38,2023-11-04 06:29:38,"{'latitude': 30.319266253842247, 'longitude': 120.23947144175489, 'country': '中国', 'nationCode': '156', 'province': '浙江省', 'city': '杭州市', 'cityCode': '0571', 'district': '上城区', 'districtCode': '330102'}",153.0,7''0
57,9223370337667506208,run from keep,538.3496362004581,00:05:55,00:05:57,Run,2023-11-05 12:21:52,2023-11-05 20:21:52,"{'latitude': 30.322837821445628, 'longitude': 120.23956058985598, 'country': '中国', 'nationCode': '156', 'province': '浙江省', 'city': '杭州市', 'cityCode': '0571', 'district': '上城区', 'districtCode': '330102'}",93.0,10''59
56,9223370337630234352,run from keep,3967.707455200143,00:25:58,00:25:59,Run,2023-11-05 22:23:02,2023-11-06 06:23:02,"{'latitude': 30.318831840508164, 'longitude': 120.23684651843561, 'country': '中国', 'nationCode': '156', 'province': '浙江省', 'city': '杭州市', 'cityCode': '0571', 'district': '上城区', 'districtCode': '330102'}",155.0,6''32
55,9223370337084128785,run from keep,3110.340393285267,00:20:56,00:31:23,Run,2023-11-12 05:59:24,2023-11-12 13:59:24,"{'latitude': 30.313185676596984, 'longitude': 120.21754337468667, 'country': '中国', 'nationCode': '156', 'province': '浙江省', 'city': '杭州市', 'cityCode': '0571', 'district': '上城区', 'districtCode': '330102'}",130.0,6''43
54,9223370336193971479,run from keep,5238.149696792307,00:37:48,00:37:49,Run,2023-11-22 13:08:55,2023-11-22 21:08:55,"{'latitude': 30.31840118049338, 'longitude': 120.23915021374097, 'country': '中国', 'nationCode': '156', 'province': '浙江省', 'city': '杭州市', 'cityCode': '0571', 'district': '上城区', 'districtCode': '330102'}",138.0,7''12
53,9223370335899874385,run from keep,5372.093814417267,00:33:10,00:33:11,Run,2023-11-25 22:55:10,2023-11-26 06:55:10,"{'latitude': 30.318566868011818, 'longitude': 120.23949730461713, 'country': '中国', 'nationCode': '156', 'province': '浙江省', 'city': '杭州市', 'cityCode': '0571', 'district': '上城区', 'districtCode': '330102'}",170.0,6''10
52,9223370335814405003,run from keep,8308.860419435656,00:53:54,00:53:54,Run,2023-11-26 22:18:56,2023-11-27 06:18:56,"{'latitude': 30.318475953218, 'longitude': 120.23946879631157, 'country': '中国', 'nationCode': '156', 'province': '浙江省', 'city': '杭州市', 'cityCode': '0571', 'district': '上城区', 'districtCode': '330102'}",161.0,6''29
51,9223370335641526598,run from keep,10193.695537200058,01:03:39,01:03:40,Run,2023-11-28 22:10:29,2023-11-29 06:10:29,"{'latitude': 30.318499287707297, 'longitude': 120.23938818693263, 'country': '中国', 'nationCode': '156', 'province': '浙江省', 'city': '杭州市', 'cityCode': '0571', 'district': '上城区', 'districtCode': '330102'}",163.0,6''14
50,9223370335552754898,run from keep,327.57010796375096,00:02:24,00:02:24,Run,2023-11-29 23:51:16,2023-11-30 07:51:16,"{'latitude': 30.30659835716559, 'longitude': 120.25200248580077, 'country': '中国', 'nationCode': '156', 'province': '浙江省', 'city': '杭州市', 'cityCode': '0571', 'district': '上城区', 'districtCode': '330102'}",162.0,7''19
49,9223370335509224766,run from keep,2506.8195721605384,00:15:25,00:15:51,Run,2023-11-30 11:43:20,2023-11-30 19:43:20,"{'latitude': 30.3181390828335, 'longitude': 120.23964450250669, 'country': '中国', 'nationCode': '156', 'province': '浙江省', 'city': '杭州市', 'cityCode': '0571', 'district': '上城区', 'districtCode': '330102'}",150.0,6''8
48,9223370335468731219,run from keep,10167.007665351965,00:59:44,00:59:44,Run,2023-11-30 22:14:20,2023-12-01 06:14:20,"{'latitude': 30.319652369813742, 'longitude': 120.23951444774791, 'country': '中国', 'nationCode': '156', 'province': '浙江省', 'city': '杭州市', 'cityCode': '0571', 'district': '上城区', 'districtCode': '330102'}",175.0,5''52
47,9223370335382045323,run from keep,6047.428475091608,00:42:35,00:57:26,Run,2023-12-01 22:21:24,2023-12-02 06:21:24,"{'latitude': 30.24564044175817, 'longitude': 120.18050584504523, 'country': '中国', 'nationCode': '156', 'province': '浙江省', 'city': '杭州市', 'cityCode': '0571', 'district': '上城区', 'districtCode': '330102'}",134.0,7''2
46,9223370335270408061,run from keep,10222.601664156698,00:58:07,00:58:08,Run,2023-12-03 05:21:19,2023-12-03 13:21:19,"{'latitude': 30.246735453287478, 'longitude': 120.18277222366628, 'country': '中国', 'nationCode': '156', 'province': '浙江省', 'city': '杭州市', 'cityCode': '0571', 'district': '上城区', 'districtCode': '330102'}",173.0,5''41
45,9223370335195506692,run from keep,10043.44649825804,00:55:50,00:55:51,Run,2023-12-04 02:11:58,2023-12-04 10:11:58,"{'latitude': 30.246710889229437, 'longitude': 120.18268914967503, 'country': '中国', 'nationCode': '156', 'province': '浙江省', 'city': '杭州市', 'cityCode': '0571', 'district': '上城区', 'districtCode': '330102'}",174.0,5''33
44,9223370335123314706,run from keep,8419.324329156108,00:54:36,00:54:37,Run,2023-12-04 22:16:24,2023-12-05 06:16:24,"{'latitude': 30.318472125659348, 'longitude': 120.23923661616527, 'country': '中国', 'nationCode': '156', 'province': '浙江省', 'city': '杭州市', 'cityCode': '0571', 'district': '上城区', 'districtCode': '330102'}",159.0,6''29
43,9223370335036284649,run from keep,10267.419455809519,01:03:27,01:03:28,Run,2023-12-05 22:18:03,2023-12-06 06:18:03,"{'latitude': 30.318442294178038, 'longitude': 120.23902060398213, 'country': '中国', 'nationCode': '156', 'province': '浙江省', 'city': '杭州市', 'cityCode': '0571', 'district': '上城区', 'districtCode': '330102'}",164.0,6''10
42,9223370334950069453,run from keep,12302.691664114594,01:14:32,01:14:34,Run,2023-12-06 22:03:52,2023-12-07 06:03:52,"{'latitude': 30.31948774303813, 'longitude': 120.2395138169781, 'country': '中国', 'nationCode': '156', 'province': '浙江省', 'city': '杭州市', 'cityCode': '0571', 'district': '上城区', 'districtCode': '330102'}",161.0,6''3
41,9223370334864264531,run from keep,12136.106330082752,01:14:47,01:14:49,Run,2023-12-07 21:53:42,2023-12-08 05:53:42,"{'latitude': 30.31946364461864, 'longitude': 120.23955528698629, 'country': '中国', 'nationCode': '156', 'province': '浙江省', 'city': '杭州市', 'cityCode': '0571', 'district': '上城区', 'districtCode': '330102'}",164.0,6''9
40,9223370334812185821,run from keep,5408.099863275385,00:32:18,00:32:18,Run,2023-12-08 13:04:11,2023-12-08 21:04:11,"{'latitude': 30.318406053013465, 'longitude': 120.23920443237671, 'country': '中国', 'nationCode': '156', 'province': '浙江省', 'city': '杭州市', 'cityCode': '0571', 'district': '上城区', 'districtCode': '330102'}",154.0,5''58
39,9223370334774029479,run from keep,12182.637739081312,01:21:15,01:21:16,Run,2023-12-08 22:51:10,2023-12-09 06:51:10,"{'latitude': 30.319481657911666, 'longitude': 120.23945760783421, 'country': '中国', 'nationCode': '156', 'province': '浙江省', 'city': '杭州市', 'cityCode': '0571', 'district': '上城区', 'districtCode': '330102'}",158.0,6''40
38,9223370334521891807,run from keep,2783.59,00:15:52,00:15:52,Run,2023-12-11 21:58:52,2023-12-12 05:58:52,"{'latitude': 30.31799, 'longitude': 120.239389, 'country': '中国', 'nationCode': '156', 'province': '浙江省', 'city': '杭州市', 'cityCode': '0571', 'district': '上城区', 'districtCode': '330102'}",140.0,5''42
37,9223370334431632807,run from keep,12731.84,01:12:51,01:12:51,Run,2023-12-12 22:06:12,2023-12-13 06:06:12,"{'latitude': 30.319194, 'longitude': 120.239463, 'country': '中国', 'nationCode': '156', 'province': '浙江省', 'city': '杭州市', 'cityCode': '0571', 'district': '上城区', 'districtCode': '330102'}",162.0,5''43
36,9223370334345495807,run from keep,11019.73,01:01:37,01:03:03,Run,2023-12-13 22:11:37,2023-12-14 06:11:37,"{'latitude': 30.319247, 'longitude': 120.239425, 'country': '中国', 'nationCode': '156', 'province': '浙江省', 'city': '杭州市', 'cityCode': '0571', 'district': '上城区', 'districtCode': '330102'}",174.0,5''35
35,9223370334259418807,run from keep,12522.76,01:09:29,01:09:29,Run,2023-12-14 21:59:48,2023-12-15 05:59:48,"{'latitude': 30.319138, 'longitude': 120.239493, 'country': '中国', 'nationCode': '156', 'province': '浙江省', 'city': '杭州市', 'cityCode': '0571', 'district': '上城区', 'districtCode': '330102'}",174.0,5''32
34,9223370334167226807,run from keep,22018.34,01:57:07,01:57:07,Run,2023-12-15 22:48:42,2023-12-16 06:48:42,"{'latitude': 30.319259, 'longitude': 120.239552, 'country': '中国', 'nationCode': '156', 'province': '浙江省', 'city': '杭州市', 'cityCode': '0571', 'district': '上城区', 'districtCode': '330102'}",163.0,5''19
33,9223370334080824807,run from keep,12876.66,01:11:16,01:11:17,Run,2023-12-16 23:34:34,2023-12-17 07:34:34,"{'latitude': 30.31927, 'longitude': 120.239505, 'country': '中国', 'nationCode': '156', 'province': '浙江省', 'city': '杭州市', 'cityCode': '0571', 'district': '上城区', 'districtCode': '330102'}",165.0,5''32
32,9223370334000442807,run from keep,10630.66,00:58:02,00:58:02,Run,2023-12-17 22:07:31,2023-12-18 06:07:31,"{'latitude': 30.319202, 'longitude': 120.239545, 'country': '中国', 'nationCode': '156', 'province': '浙江省', 'city': '杭州市', 'cityCode': '0571', 'district': '上城区', 'districtCode': '330102'}",152.0,5''27
31,9223370333913864807,run from keep,12491.55,01:06:03,01:06:04,Run,2023-12-18 22:02:27,2023-12-19 06:02:27,"{'latitude': 30.319185, 'longitude': 120.239512, 'country': '中国', 'nationCode': '156', 'province': '浙江省', 'city': '杭州市', 'cityCode': '0571', 'district': '上城区', 'districtCode': '330102'}",176.0,5''17
30,9223370333827632449,run from keep,10119.575595266186,00:57:04,00:57:13,Run,2023-12-19 22:08:30,2023-12-20 06:08:30,"{'latitude': 30.319050055330916, 'longitude': 120.2394783815061, 'country': '中国', 'nationCode': '156', 'province': '浙江省', 'city': '杭州市', 'cityCode': '0571', 'district': '上城区', 'districtCode': '330102'}",159.0,5''38
29,9223370333689632807,run from keep,10588.91,00:57:30,00:57:29,Run,2023-12-21 12:28:14,2023-12-21 20:28:14,"{'latitude': 30.318402, 'longitude': 120.239264, 'country': '中国', 'nationCode': '156', 'province': '浙江省', 'city': '杭州市', 'cityCode': '0571', 'district': '上城区', 'districtCode': '330102'}",155.0,5''25
28,9223370333654679807,run from keep,11233.81,01:02:16,01:02:16,Run,2023-12-21 22:06:00,2023-12-22 06:06:00,"{'latitude': 30.319182, 'longitude': 120.239515, 'country': '中国', 'nationCode': '156', 'province': '浙江省', 'city': '杭州市', 'cityCode': '0571', 'district': '上城区', 'districtCode': '330102'}",141.0,5''32
27,9223370333556220807,run from keep,21366.81,01:54:04,01:54:04,Run,2023-12-23 00:35:11,2023-12-23 08:35:11,"{'latitude': 30.319354, 'longitude': 120.239459, 'country': '中国', 'nationCode': '156', 'province': '浙江省', 'city': '杭州市', 'cityCode': '0571', 'district': '上城区', 'districtCode': '330102'}",163.0,5''20
26,9223370333473563110,run from keep,10151.802731571719,00:53:05,00:53:06,Run,2023-12-24 00:33:46,2023-12-24 08:33:46,"{'latitude': 30.31915147139404, 'longitude': 120.23953916341877, 'country': '中国', 'nationCode': '156', 'province': '浙江省', 'city': '杭州市', 'cityCode': '0571', 'district': '上城区', 'districtCode': '330102'}",162.0,5''13
25,9223370333395664807,run from keep,10333.61,00:55:01,00:55:01,Run,2023-12-24 22:10:10,2023-12-25 06:10:10,"{'latitude': 30.319235, 'longitude': 120.239524, 'country': '中国', 'nationCode': '156', 'province': '浙江省', 'city': '杭州市', 'cityCode': '0571', 'district': '上城区', 'districtCode': '330102'}",147.0,5''19
24,9223370333308946807,run from keep,10397.39,00:55:33,00:55:37,Run,2023-12-25 22:14:52,2023-12-26 06:14:52,"{'latitude': 30.319344, 'longitude': 120.239453, 'country': '中国', 'nationCode': '156', 'province': '浙江省', 'city': '杭州市', 'cityCode': '0571', 'district': '上城区', 'districtCode': '330102'}",144.0,5''20
23,9223370333222408807,run from keep,11432.66,00:59:14,00:59:13,Run,2023-12-26 22:13:34,2023-12-27 06:13:34,"{'latitude': 30.319149, 'longitude': 120.239518, 'country': '中国', 'nationCode': '156', 'province': '浙江省', 'city': '杭州市', 'cityCode': '0571', 'district': '上城区', 'districtCode': '330102'}",168.0,5''10
22,9223370333175501107,run from keep,312.7999999999999,00:29:49,00:29:51,Run,2023-12-27 11:44:42,2023-12-27 19:44:42,"{'latitude': 30.317851, 'longitude': 120.239392, 'country': '中国', 'nationCode': '156', 'province': '浙江省', 'city': '杭州市', 'cityCode': '0571', 'district': None, 'districtCode': None}",,95''19
21,9223370333133260807,run from keep,4471.83,00:24:58,00:25:15,Run,2023-12-27 23:33:20,2023-12-28 07:33:20,"{'latitude': 30.305593, 'longitude': 120.2529, 'country': '中国', 'nationCode': '156', 'province': '浙江省', 'city': '杭州市', 'cityCode': '0571', 'district': '上城区', 'districtCode': '330102'}",162.0,5''34
20,9223370333086278807,run from keep,8322.6953125,00:45:18,00:45:18,Run,2023-12-28 12:16:19,2023-12-28 20:16:19,"{'latitude': 30.299985, 'longitude': 120.240929, 'country': '中国', 'nationCode': '156', 'province': '浙江省', 'city': '杭州市', 'cityCode': '0571', 'district': None, 'districtCode': None}",158.0,5''26
19,9223370333049964807,run from keep,10205.48,00:55:49,00:55:50,Run,2023-12-28 22:11:01,2023-12-29 06:11:01,"{'latitude': 30.319237, 'longitude': 120.239495, 'country': '中国', 'nationCode': '156', 'province': '浙江省', 'city': '杭州市', 'cityCode': '0571', 'district': '上城区', 'districtCode': '330102'}",164.0,5''28
18,9223370332955188807,run from keep,12390.47,01:04:09,01:04:13,Run,2023-12-30 00:22:14,2023-12-30 08:22:14,"{'latitude': 30.319213, 'longitude': 120.239503, 'country': '中国', 'nationCode': '156', 'province': '浙江省', 'city': '杭州市', 'cityCode': '0571', 'district': '上城区', 'districtCode': '330102'}",173.0,5''10
17,9223370332869260807,run from keep,12109.86,01:04:24,01:04:24,Run,2023-12-31 00:14:11,2023-12-31 08:14:11,"{'latitude': 30.319217, 'longitude': 120.239539, 'country': '中国', 'nationCode': '156', 'province': '浙江省', 'city': '杭州市', 'cityCode': '0571', 'district': '上城区', 'districtCode': '330102'}",162.0,5''19
16,9223370332787932807,run from keep,11452.06,01:01:59,01:02:01,Run,2023-12-31 22:52:02,2024-01-01 06:52:02,"{'latitude': 30.319296, 'longitude': 120.239552, 'country': '中国', 'nationCode': '156', 'province': '浙江省', 'city': '杭州市', 'cityCode': '0571', 'district': '上城区', 'districtCode': '330102'}",175.0,5''24
15,9223370332704570807,run from keep,11581.9,01:03:50,01:03:50,Run,2024-01-01 21:59:35,2024-01-02 05:59:35,"{'latitude': 30.3192, 'longitude': 120.239569, 'country': '中国', 'nationCode': '156', 'province': '浙江省', 'city': '杭州市', 'cityCode': '0571', 'district': '上城区', 'districtCode': '330102'}",172.0,5''30
14,9223370332618034807,run from keep,10502.36,00:54:47,00:54:47,Run,2024-01-02 22:10:54,2024-01-03 06:10:54,"{'latitude': 30.319215, 'longitude': 120.23953, 'country': '中国', 'nationCode': '156', 'province': '浙江省', 'city': '杭州市', 'cityCode': '0571', 'district': '上城区', 'districtCode': '330102'}",165.0,5''12
13,9223370332570926807,run from keep,14016.44,01:14:06,01:20:41,Run,2024-01-03 10:50:08,2024-01-03 18:50:08,"{'latitude': 30.319195, 'longitude': 120.239483, 'country': '中国', 'nationCode': '156', 'province': '浙江省', 'city': '杭州市', 'cityCode': '0571', 'district': '上城区', 'districtCode': '330102'}",169.0,5''17
12,9223370332531852807,run from keep,10165.53,00:57:02,00:57:05,Run,2024-01-03 22:04:58,2024-01-04 06:04:58,"{'latitude': 30.319182, 'longitude': 120.239552, 'country': '中国', 'nationCode': '156', 'province': '浙江省', 'city': '杭州市', 'cityCode': '0571', 'district': '上城区', 'districtCode': '330102'}",153.0,5''36
11,9223370332444950807,run from keep,11486.72,01:01:21,01:01:21,Run,2024-01-04 22:09:04,2024-01-05 06:09:04,"{'latitude': 30.319248, 'longitude': 120.239512, 'country': '中国', 'nationCode': '156', 'province': '浙江省', 'city': '杭州市', 'cityCode': '0571', 'district': '上城区', 'districtCode': '330102'}",153.0,5''20
10,9223370332349221807,run from keep,10225.34,00:57:20,00:57:26,Run,2024-01-06 00:48:28,2024-01-06 08:48:28,"{'latitude': 30.319253, 'longitude': 120.239549, 'country': '中国', 'nationCode': '156', 'province': '浙江省', 'city': '杭州市', 'cityCode': '0571', 'district': '上城区', 'districtCode': '330102'}",163.0,5''36
9,9223370332269691807,run from keep,127.23,00:01:41,00:01:43,Run,2024-01-06 23:49:41,2024-01-07 07:49:41,"{'latitude': 30.318016, 'longitude': 120.239393, 'country': '中国', 'nationCode': '156', 'province': '浙江省', 'city': '杭州市', 'cityCode': '0571', 'district': '上城区', 'districtCode': '330102'}",80.0,13''13
8,9223370332264406807,run from keep,11447.76,01:01:43,01:01:43,Run,2024-01-07 00:17:46,2024-01-07 08:17:46,"{'latitude': 30.319155, 'longitude': 120.239469, 'country': '中国', 'nationCode': '156', 'province': '浙江省', 'city': '杭州市', 'cityCode': '0571', 'district': '上城区', 'districtCode': '330102'}",174.0,5''23
7,9223370332185075807,run from keep,10205.22,00:54:20,00:54:20,Run,2024-01-07 22:27:20,2024-01-08 06:27:20,"{'latitude': 30.3192, 'longitude': 120.239546, 'country': '中国', 'nationCode': '156', 'province': '浙江省', 'city': '杭州市', 'cityCode': '0571', 'district': '上城区', 'districtCode': '330102'}",161.0,5''19
6,9223370332099733807,run from keep,12294.25,01:07:36,01:07:35,Run,2024-01-08 21:56:27,2024-01-09 05:56:27,"{'latitude': 30.31919, 'longitude': 120.239551, 'country': '中国', 'nationCode': '156', 'province': '浙江省', 'city': '杭州市', 'cityCode': '0571', 'district': '上城区', 'districtCode': '330102'}",173.0,5''29
5,9223370332013067807,run from keep,11520.3,01:00:47,01:00:47,Run,2024-01-09 22:07:41,2024-01-10 06:07:41,"{'latitude': 30.319225, 'longitude': 120.239551, 'country': '中国', 'nationCode': '156', 'province': '浙江省', 'city': '杭州市', 'cityCode': '0571', 'district': '上城区', 'districtCode': '330102'}",163.0,5''16
4,9223370331926321807,run from keep,12605.39,01:05:42,01:05:41,Run,2024-01-10 22:08:33,2024-01-11 06:08:33,"{'latitude': 30.319123, 'longitude': 120.239577, 'country': '中国', 'nationCode': '156', 'province': '浙江省', 'city': '杭州市', 'cityCode': '0571', 'district': '上城区', 'districtCode': '330102'}",152.0,5''12
3,9223370331745572807,run from keep,21594.97,01:51:26,01:51:26,Run,2024-01-12 23:35:17,2024-01-13 07:35:17,"{'latitude': 30.319288, 'longitude': 120.239476, 'country': '中国', 'nationCode': '156', 'province': '浙江省', 'city': '杭州市', 'cityCode': '0571', 'district': '上城区', 'districtCode': '330102'}",165.0,5''9
2,9223370331660337807,run from keep,11017.59,00:55:05,00:55:09,Run,2024-01-14 00:12:09,2024-01-14 08:12:09,"{'latitude': 30.319079, 'longitude': 120.240235, 'country': '中国', 'nationCode': '156', 'province': '浙江省', 'city': '杭州市', 'cityCode': '0571', 'district': '上城区', 'districtCode': '330102'}",162.0,4''59
1,9223370331581305807,run from keep,12315.03,01:00:59,01:01:01,Run,2024-01-14 22:03:29,2024-01-15 06:03:29,"{'latitude': 30.318376, 'longitude': 120.239237, 'country': '中国', 'nationCode': '156', 'province': '浙江省', 'city': '杭州市', 'cityCode': '0571', 'district': '上城区', 'districtCode': '330102'}",175.0,4''57
0,9223370331494718807,run from keep,12194.8,01:00:01,01:00:35,Run,2024-01-15 22:07:02,2024-01-16 06:07:02,"{'latitude': 30.319273, 'longitude': 120.239523, 'country': '中国', 'nationCode': '156', 'province': '浙江省', 'city': '杭州市', 'cityCode': '0571', 'district': '上城区', 'districtCode': '330102'}",173.0,4''55
